{
  "preset": "ts-jest",
  "testEnvironment": "node",
  "roots": ["<rootDir>/src", "<rootDir>/tests"],
  "testMatch": [
    "**/__tests__/**/*.ts",
    "**/?(*.)+(spec|test).ts"
  ],
  "transform": {
    "^.+\\.ts$": "ts-jest"
  },
  "collectCoverageFrom": [
    "src/**/*.ts",
    "!src/**/*.d.ts",
    "!src/index.ts",
    "!src/**/*.test.ts",
    "!src/**/*.spec.ts"
  ],
  "coverageDirectory": "coverage",
  "coverageReporters": [
    "text",
    "lcov",
    "html"
  ],
  "coverageThreshold": {
    "global": {
      "branches": 90,
      "functions": 90,
      "lines": 90,
      "statements": 90
    }
  },
  "setupFilesAfterEnv": ["<rootDir>/tests/setup.ts"],
  "moduleNameMapper": {
    "^@/(.*)$": "<rootDir>/src/$1"
  },
  "clearMocks": true,
  "resetMocks": true,
  "restoreMocks": true
}
